<?xml version="1.0" encoding="gb2312"?>
<CQMapInfo>
  <MapRec Map_Width="100000" Map_Height="100000" Map_SX="0" Map_SY="0" Map_Color="-1" />
  <Segments />
  <Polygons />
  <WordsAll />
  <SiteMarkAll>
    <SiteMark SiteMark_Id="1" SiteMark_Color="-16777216" SiteMark_CirR="100">
      <ControlPoint CoordX="-3680" CoordY="2256" />
    </SiteMark>
    <SiteMark SiteMark_Id="2" SiteMark_Color="-16777216" SiteMark_CirR="100">
      <ControlPoint CoordX="3616" CoordY="2368" />
    </SiteMark>
  </SiteMarkAll>
  <Rectangles />
  <BitMaps />
</CQMapInfo>