<?xml version="1.0" encoding="gb2312"?>
<CQMapInfo>
  <MapRec Map_Width="0" Map_Height="100000" Map_SX="0" Map_SY="0" Map_Color="-1" />
  <Segments />
  <Polygons />
  <WordsAll />
  <SiteMarkAll>
    <SiteMark SiteMark_Id="11" SiteMark_Color="-16777216" SiteMark_CirR="100">
      <ControlPoint CoordX="1856" CoordY="16" />
      <ControlPoint CoordX="1536" CoordY="16" />
      <ControlPoint CoordX="2176" CoordY="16" />
    </SiteMark>
    <SiteMark SiteMark_Id="14" SiteMark_Color="-16777216" SiteMark_CirR="100">
      <ControlPoint CoordX="11120" CoordY="-16" />
      <ControlPoint CoordX="9921" CoordY="14" />
      <ControlPoint CoordX="12319" CoordY="-46" />
    </SiteMark>
    <SiteMark SiteMark_Id="33" SiteMark_Color="-16777216" SiteMark_CirR="100">
      <ControlPoint CoordX="6112" CoordY="1440" />
      <ControlPoint CoordX="6959" CoordY="1455" />
      <ControlPoint CoordX="5265" CoordY="1425" />
    </SiteMark>
    <SiteMark SiteMark_Id="32" SiteMark_Color="-16777216" SiteMark_CirR="100">
      <ControlPoint CoordX="6208" CoordY="-1328" />
      <ControlPoint CoordX="5888" CoordY="-1328" />
      <ControlPoint CoordX="6528" CoordY="-1328" />
    </SiteMark>
    <SiteMark SiteMark_Id="23" SiteMark_Color="-16777216" SiteMark_CirR="100">
      <ControlPoint CoordX="10208" CoordY="2608" />
      <ControlPoint CoordX="9888" CoordY="2608" />
      <ControlPoint CoordX="10528" CoordY="2608" />
    </SiteMark>
    <SiteMark SiteMark_Id="22" SiteMark_Color="-16777216" SiteMark_CirR="100">
      <ControlPoint CoordX="2192" CoordY="-1888" />
      <ControlPoint CoordX="1872" CoordY="-1888" />
      <ControlPoint CoordX="2512" CoordY="-1888" />
    </SiteMark>
    <SiteMark SiteMark_Id="51" SiteMark_Color="-16777216" SiteMark_CirR="100">
      <ControlPoint CoordX="1504" CoordY="3584" />
      <ControlPoint CoordX="864" CoordY="3584" />
      <ControlPoint CoordX="2144" CoordY="3584" />
    </SiteMark>
  </SiteMarkAll>
  <Rectangles />
  <BitMaps />
</CQMapInfo>