<?xml version="1.0" encoding="gb2312"?>
<CQMapInfo>
  <MapRec Map_Width="0" Map_Height="100000" Map_SX="0" Map_SY="0" Map_Color="16777215" />
  <Segments />
  <Polygons />
  <WordsAll />
  <SiteMarkAll>
    <SiteMark SiteMark_Id="1" SiteMark_Color="-16777216" SiteMark_CirR="100">
      <ControlPoint CoordX="64" CoordY="-3984" />
      <ControlPoint CoordX="-256" CoordY="-3984" />
      <ControlPoint CoordX="384" CoordY="-3984" />
    </SiteMark>
    <SiteMark SiteMark_Id="2" SiteMark_Color="-16777216" SiteMark_CirR="100">
      <ControlPoint CoordX="9440" CoordY="-4128" />
      <ControlPoint CoordX="9120" CoordY="-4128" />
      <ControlPoint CoordX="9760" CoordY="-4128" />
    </SiteMark>
  </SiteMarkAll>
  <Rectangles />
  <BitMaps />
</CQMapInfo>