﻿<?xml version="1.0" encoding="utf-8"?>
<ArrayOfFTrafficData xmlns:xsi="http://www.w3.org/2001/XMLSchema-instance" xmlns:xsd="http://www.w3.org/2001/XMLSchema">
  <FTrafficData>
    <Id>1</Id>
    <Descrip>交管</Descrip>
    <ValCar />
    <ValTar />
    <ValSite>
      <string>21</string>
      <string>13</string>
      <string>15</string>
      <string>11</string>
    </ValSite>
    <IsEnable>true</IsEnable>
  </FTrafficData>
  <FTrafficData>
    <Id>2</Id>
    <Descrip>交管</Descrip>
    <ValCar />
    <ValTar />
    <ValSite>
      <string>12</string>
      <string>16</string>
      <string>24</string>
      <string>14</string>
    </ValSite>
    <IsEnable>true</IsEnable>
  </FTrafficData>
</ArrayOfFTrafficData>