﻿<?xml version="1.0" encoding="utf-8"?>
<ArrayOfFContractControl xmlns:xsi="http://www.w3.org/2001/XMLSchema-instance" xmlns:xsd="http://www.w3.org/2001/XMLSchema">
  <FContractControl>
    <ID>AGV01</ID>
    <IDescription>default</IDescription>
    <IsAlive>false</IsAlive>
    <IName>Magnet_Basic</IName>
    <IPropertyList />
    <IEnabledFlag>true</IEnabledFlag>
    <INavType>Magnet</INavType>
    <IComObjPara>
      <ComMode>1</ComMode>
      <CommParam1>192.168.6.31</CommParam1>
      <CommParam2>6031</CommParam2>
      <CommParam3>0</CommParam3>
      <CommParam4 />
      <CommParam5 />
    </IComObjPara>
    <IProtocol>Magnet_WeiKe</IProtocol>
  </FContractControl>
  <FContractControl>
    <ID>AGV02</ID>
    <IDescription>default</IDescription>
    <IsAlive>false</IsAlive>
    <IName>Magnet_Basic</IName>
    <IPropertyList />
    <IEnabledFlag>true</IEnabledFlag>
    <INavType>Magnet</INavType>
    <IComObjPara>
      <ComMode>1</ComMode>
      <CommParam1>192.168.6.32</CommParam1>
      <CommParam2>6032</CommParam2>
      <CommParam3>0</CommParam3>
      <CommParam4 />
      <CommParam5 />
    </IComObjPara>
    <IProtocol>Magnet_WeiKe</IProtocol>
  </FContractControl>
  <FContractControl>
    <ID>AGV03</ID>
    <IDescription>default</IDescription>
    <IsAlive>false</IsAlive>
    <IName>Magnet_Basic</IName>
    <IPropertyList />
    <IEnabledFlag>true</IEnabledFlag>
    <INavType>Magnet</INavType>
    <IComObjPara>
      <ComMode>1</ComMode>
      <CommParam1>192.168.6.33</CommParam1>
      <CommParam2>6033</CommParam2>
      <CommParam3>0</CommParam3>
      <CommParam4 />
      <CommParam5 />
    </IComObjPara>
    <IProtocol>Magnet_WeiKe</IProtocol>
  </FContractControl>
  <FContractControl>
    <ID>AGV04</ID>
    <IDescription>default</IDescription>
    <IsAlive>false</IsAlive>
    <IName>Magnet_Basic</IName>
    <IPropertyList />
    <IEnabledFlag>true</IEnabledFlag>
    <INavType>Magnet</INavType>
    <IComObjPara>
      <ComMode>1</ComMode>
      <CommParam1>192.168.6.34</CommParam1>
      <CommParam2>6034</CommParam2>
      <CommParam3>0</CommParam3>
      <CommParam4 />
      <CommParam5 />
    </IComObjPara>
    <IProtocol>Magnet_WeiKe</IProtocol>
  </FContractControl>
  <FContractControl>
    <ID>AGV05</ID>
    <IDescription>default</IDescription>
    <IsAlive>false</IsAlive>
    <IName>Magnet_Basic</IName>
    <IPropertyList />
    <IEnabledFlag>true</IEnabledFlag>
    <INavType>Magnet</INavType>
    <IComObjPara>
      <ComMode>1</ComMode>
      <CommParam1>192.168.6.35</CommParam1>
      <CommParam2>6035</CommParam2>
      <CommParam3>0</CommParam3>
      <CommParam4 />
      <CommParam5 />
    </IComObjPara>
    <IProtocol>Magnet_WeiKe</IProtocol>
  </FContractControl>
  <FContractControl>
    <ID>AGV06</ID>
    <IDescription>default</IDescription>
    <IsAlive>false</IsAlive>
    <IName>Magnet_Basic</IName>
    <IPropertyList />
    <IEnabledFlag>true</IEnabledFlag>
    <INavType>Magnet</INavType>
    <IComObjPara>
      <ComMode>1</ComMode>
      <CommParam1>192.168.6.36</CommParam1>
      <CommParam2>6036</CommParam2>
      <CommParam3>0</CommParam3>
      <CommParam4 />
      <CommParam5 />
    </IComObjPara>
    <IProtocol>Magnet_WeiKe</IProtocol>
  </FContractControl>
  <FContractControl>
    <ID>PLC01</ID>
    <IDescription>default</IDescription>
    <IsAlive>false</IsAlive>
    <IName>WK_PLC</IName>
    <IPropertyList />
    <IEnabledFlag>true</IEnabledFlag>
    <INavType>NonNavigation</INavType>
    <IComObjPara>
      <ComMode>1</ComMode>
      <CommParam1 />
      <CommParam2 />
      <CommParam3>0</CommParam3>
      <CommParam4 />
      <CommParam5 />
    </IComObjPara>
    <IProtocol>线边滚筒</IProtocol>
  </FContractControl>
  <FContractControl>
    <ID>PLC02</ID>
    <IDescription>default</IDescription>
    <IsAlive>false</IsAlive>
    <IName>WK_PLC</IName>
    <IPropertyList />
    <IEnabledFlag>true</IEnabledFlag>
    <INavType>NonNavigation</INavType>
    <IComObjPara>
      <ComMode>1</ComMode>
      <CommParam1 />
      <CommParam2 />
      <CommParam3>0</CommParam3>
      <CommParam4 />
      <CommParam5 />
    </IComObjPara>
    <IProtocol>线边滚筒</IProtocol>
  </FContractControl>
</ArrayOfFContractControl>