﻿<?xml version="1.0" encoding="utf-8"?>
<ArrayOfFDataSgement xmlns:xsi="http://www.w3.org/2001/XMLSchema-instance" xmlns:xsd="http://www.w3.org/2001/XMLSchema">
  <FDataSgement>
    <Id>1</Id>
    <StartPoint>33</StartPoint>
    <EndPoint>11</EndPoint>
    <Weight>1</Weight>
    <PlcAttr />
    <LocStart>
      <X>0</X>
      <Y>0</Y>
    </LocStart>
    <LocEnd>
      <X>0</X>
      <Y>0</Y>
    </LocEnd>
    <AngelStart>0</AngelStart>
    <AngelEnd>0</AngelEnd>
    <IsForwardDrection>true</IsForwardDrection>
    <Speed>50</Speed>
    <CtrPointList>
      <Point>
        <X>6959</X>
        <Y>1455</Y>
      </Point>
      <Point>
        <X>6112</X>
        <Y>1440</Y>
      </Point>
      <Point>
        <X>5265</X>
        <Y>1425</Y>
      </Point>
      <Point>
        <X>2176</X>
        <Y>16</Y>
      </Point>
      <Point>
        <X>1856</X>
        <Y>16</Y>
      </Point>
      <Point>
        <X>1536</X>
        <Y>16</Y>
      </Point>
    </CtrPointList>
    <ColorRgb>-16777216</ColorRgb>
    <IDrect>0</IDrect>
    <IsStartPositive>true</IsStartPositive>
    <IsEndPositive>false</IsEndPositive>
    <NodeList>
      <FDataMagnetNode>
        <Tagret>1</Tagret>
        <Landmark>11</Landmark>
        <IsRun>true</IsRun>
        <Percent>100</Percent>
        <Direct>0</Direct>
      </FDataMagnetNode>
    </NodeList>
  </FDataSgement>
  <FDataSgement>
    <Id>2</Id>
    <StartPoint>11</StartPoint>
    <EndPoint>32</EndPoint>
    <Weight>1</Weight>
    <PlcAttr />
    <LocStart>
      <X>0</X>
      <Y>0</Y>
    </LocStart>
    <LocEnd>
      <X>0</X>
      <Y>0</Y>
    </LocEnd>
    <AngelStart>0</AngelStart>
    <AngelEnd>0</AngelEnd>
    <IsForwardDrection>true</IsForwardDrection>
    <Speed>50</Speed>
    <CtrPointList>
      <Point>
        <X>1536</X>
        <Y>16</Y>
      </Point>
      <Point>
        <X>1856</X>
        <Y>16</Y>
      </Point>
      <Point>
        <X>2176</X>
        <Y>16</Y>
      </Point>
      <Point>
        <X>5888</X>
        <Y>-1328</Y>
      </Point>
      <Point>
        <X>6208</X>
        <Y>-1328</Y>
      </Point>
      <Point>
        <X>6528</X>
        <Y>-1328</Y>
      </Point>
    </CtrPointList>
    <ColorRgb>-16777216</ColorRgb>
    <IDrect>0</IDrect>
    <IsStartPositive>true</IsStartPositive>
    <IsEndPositive>true</IsEndPositive>
    <NodeList>
      <FDataMagnetNode>
        <Tagret>32</Tagret>
        <Landmark>32</Landmark>
        <IsRun>true</IsRun>
        <Percent>100</Percent>
        <Direct>0</Direct>
      </FDataMagnetNode>
    </NodeList>
  </FDataSgement>
  <FDataSgement>
    <Id>3</Id>
    <StartPoint>32</StartPoint>
    <EndPoint>14</EndPoint>
    <Weight>1</Weight>
    <PlcAttr />
    <LocStart>
      <X>0</X>
      <Y>0</Y>
    </LocStart>
    <LocEnd>
      <X>0</X>
      <Y>0</Y>
    </LocEnd>
    <AngelStart>0</AngelStart>
    <AngelEnd>0</AngelEnd>
    <IsForwardDrection>true</IsForwardDrection>
    <Speed>50</Speed>
    <CtrPointList>
      <Point>
        <X>5888</X>
        <Y>-1328</Y>
      </Point>
      <Point>
        <X>6208</X>
        <Y>-1328</Y>
      </Point>
      <Point>
        <X>6528</X>
        <Y>-1328</Y>
      </Point>
      <Point>
        <X>9921</X>
        <Y>14</Y>
      </Point>
      <Point>
        <X>11120</X>
        <Y>-16</Y>
      </Point>
      <Point>
        <X>12319</X>
        <Y>-46</Y>
      </Point>
    </CtrPointList>
    <ColorRgb>-16777216</ColorRgb>
    <IDrect>0</IDrect>
    <IsStartPositive>true</IsStartPositive>
    <IsEndPositive>true</IsEndPositive>
    <NodeList>
      <FDataMagnetNode>
        <Tagret>4</Tagret>
        <Landmark>14</Landmark>
        <IsRun>true</IsRun>
        <Percent>100</Percent>
        <Direct>0</Direct>
      </FDataMagnetNode>
    </NodeList>
  </FDataSgement>
  <FDataSgement>
    <Id>4</Id>
    <StartPoint>14</StartPoint>
    <EndPoint>33</EndPoint>
    <Weight>1</Weight>
    <PlcAttr />
    <LocStart>
      <X>0</X>
      <Y>0</Y>
    </LocStart>
    <LocEnd>
      <X>0</X>
      <Y>0</Y>
    </LocEnd>
    <AngelStart>0</AngelStart>
    <AngelEnd>0</AngelEnd>
    <IsForwardDrection>true</IsForwardDrection>
    <Speed>50</Speed>
    <CtrPointList>
      <Point>
        <X>12319</X>
        <Y>-46</Y>
      </Point>
      <Point>
        <X>11120</X>
        <Y>-16</Y>
      </Point>
      <Point>
        <X>9921</X>
        <Y>14</Y>
      </Point>
      <Point>
        <X>6959</X>
        <Y>1455</Y>
      </Point>
      <Point>
        <X>6112</X>
        <Y>1440</Y>
      </Point>
      <Point>
        <X>5265</X>
        <Y>1425</Y>
      </Point>
    </CtrPointList>
    <ColorRgb>-16777216</ColorRgb>
    <IDrect>0</IDrect>
    <IsStartPositive>false</IsStartPositive>
    <IsEndPositive>true</IsEndPositive>
    <NodeList>
      <FDataMagnetNode>
        <Tagret>33</Tagret>
        <Landmark>33</Landmark>
        <IsRun>true</IsRun>
        <Percent>100</Percent>
        <Direct>0</Direct>
      </FDataMagnetNode>
    </NodeList>
  </FDataSgement>
  <FDataSgement>
    <Id>5</Id>
    <StartPoint>23</StartPoint>
    <EndPoint>33</EndPoint>
    <Weight>1</Weight>
    <PlcAttr />
    <LocStart>
      <X>0</X>
      <Y>0</Y>
    </LocStart>
    <LocEnd>
      <X>0</X>
      <Y>0</Y>
    </LocEnd>
    <AngelStart>0</AngelStart>
    <AngelEnd>0</AngelEnd>
    <IsForwardDrection>true</IsForwardDrection>
    <Speed>50</Speed>
    <CtrPointList>
      <Point>
        <X>9888</X>
        <Y>2608</Y>
      </Point>
      <Point>
        <X>10208</X>
        <Y>2608</Y>
      </Point>
      <Point>
        <X>10528</X>
        <Y>2608</Y>
      </Point>
      <Point>
        <X>6959</X>
        <Y>1455</Y>
      </Point>
      <Point>
        <X>6112</X>
        <Y>1440</Y>
      </Point>
      <Point>
        <X>5265</X>
        <Y>1425</Y>
      </Point>
    </CtrPointList>
    <ColorRgb>-16777216</ColorRgb>
    <IDrect>0</IDrect>
    <IsStartPositive>true</IsStartPositive>
    <IsEndPositive>true</IsEndPositive>
    <NodeList>
      <FDataMagnetNode>
        <Tagret>33</Tagret>
        <Landmark>33</Landmark>
        <IsRun>true</IsRun>
        <Percent>100</Percent>
        <Direct>0</Direct>
      </FDataMagnetNode>
    </NodeList>
  </FDataSgement>
  <FDataSgement>
    <Id>6</Id>
    <StartPoint>22</StartPoint>
    <EndPoint>32</EndPoint>
    <Weight>1</Weight>
    <PlcAttr />
    <LocStart>
      <X>0</X>
      <Y>0</Y>
    </LocStart>
    <LocEnd>
      <X>0</X>
      <Y>0</Y>
    </LocEnd>
    <AngelStart>0</AngelStart>
    <AngelEnd>0</AngelEnd>
    <IsForwardDrection>true</IsForwardDrection>
    <Speed>50</Speed>
    <CtrPointList>
      <Point>
        <X>1872</X>
        <Y>-1888</Y>
      </Point>
      <Point>
        <X>2192</X>
        <Y>-1888</Y>
      </Point>
      <Point>
        <X>2512</X>
        <Y>-1888</Y>
      </Point>
      <Point>
        <X>5888</X>
        <Y>-1328</Y>
      </Point>
      <Point>
        <X>6208</X>
        <Y>-1328</Y>
      </Point>
      <Point>
        <X>6528</X>
        <Y>-1328</Y>
      </Point>
    </CtrPointList>
    <ColorRgb>-16777216</ColorRgb>
    <IDrect>0</IDrect>
    <IsStartPositive>true</IsStartPositive>
    <IsEndPositive>true</IsEndPositive>
    <NodeList>
      <FDataMagnetNode>
        <Tagret>32</Tagret>
        <Landmark>32</Landmark>
        <IsRun>true</IsRun>
        <Percent>100</Percent>
        <Direct>0</Direct>
      </FDataMagnetNode>
    </NodeList>
  </FDataSgement>
  <FDataSgement>
    <Id>7</Id>
    <StartPoint>33</StartPoint>
    <EndPoint>51</EndPoint>
    <Weight>1</Weight>
    <PlcAttr />
    <LocStart>
      <X>0</X>
      <Y>0</Y>
    </LocStart>
    <LocEnd>
      <X>0</X>
      <Y>0</Y>
    </LocEnd>
    <AngelStart>0</AngelStart>
    <AngelEnd>0</AngelEnd>
    <IsForwardDrection>true</IsForwardDrection>
    <Speed>50</Speed>
    <CtrPointList>
      <Point>
        <X>6959</X>
        <Y>1455</Y>
      </Point>
      <Point>
        <X>6112</X>
        <Y>1440</Y>
      </Point>
      <Point>
        <X>5265</X>
        <Y>1425</Y>
      </Point>
      <Point>
        <X>2144</X>
        <Y>3584</Y>
      </Point>
      <Point>
        <X>1504</X>
        <Y>3584</Y>
      </Point>
      <Point>
        <X>864</X>
        <Y>3584</Y>
      </Point>
    </CtrPointList>
    <ColorRgb>-16777216</ColorRgb>
    <IDrect>0</IDrect>
    <IsStartPositive>true</IsStartPositive>
    <IsEndPositive>false</IsEndPositive>
    <NodeList>
      <FDataMagnetNode>
        <Tagret>51</Tagret>
        <Landmark>51</Landmark>
        <IsRun>true</IsRun>
        <Percent>100</Percent>
        <Direct>0</Direct>
      </FDataMagnetNode>
    </NodeList>
  </FDataSgement>
  <FDataSgement>
    <Id>8</Id>
    <StartPoint>51</StartPoint>
    <EndPoint>11</EndPoint>
    <Weight>1</Weight>
    <PlcAttr />
    <LocStart>
      <X>0</X>
      <Y>0</Y>
    </LocStart>
    <LocEnd>
      <X>0</X>
      <Y>0</Y>
    </LocEnd>
    <AngelStart>0</AngelStart>
    <AngelEnd>0</AngelEnd>
    <IsForwardDrection>true</IsForwardDrection>
    <Speed>50</Speed>
    <CtrPointList>
      <Point>
        <X>864</X>
        <Y>3584</Y>
      </Point>
      <Point>
        <X>1504</X>
        <Y>3584</Y>
      </Point>
      <Point>
        <X>2144</X>
        <Y>3584</Y>
      </Point>
      <Point>
        <X>1536</X>
        <Y>16</Y>
      </Point>
      <Point>
        <X>1856</X>
        <Y>16</Y>
      </Point>
      <Point>
        <X>2176</X>
        <Y>16</Y>
      </Point>
    </CtrPointList>
    <ColorRgb>-16777216</ColorRgb>
    <IDrect>0</IDrect>
    <IsStartPositive>true</IsStartPositive>
    <IsEndPositive>true</IsEndPositive>
    <NodeList>
      <FDataMagnetNode>
        <Tagret>1</Tagret>
        <Landmark>11</Landmark>
        <IsRun>true</IsRun>
        <Percent>100</Percent>
        <Direct>0</Direct>
      </FDataMagnetNode>
    </NodeList>
  </FDataSgement>
</ArrayOfFDataSgement>