﻿<?xml version="1.0" encoding="utf-8"?>
<ArrayOfFContractSegBlock xmlns:xsi="http://www.w3.org/2001/XMLSchema-instance" xmlns:xsd="http://www.w3.org/2001/XMLSchema">
  <FContractSegBlock>
    <SegId>1</SegId>
    <BlockSegList>
      <string>2</string>
      <string>3</string>
      <string>5</string>
      <string>6</string>
    </BlockSegList>
  </FContractSegBlock>
  <FContractSegBlock>
    <SegId>2</SegId>
    <BlockSegList>
      <string>1</string>
      <string>3</string>
      <string>5</string>
      <string>6</string>
    </BlockSegList>
  </FContractSegBlock>
  <FContractSegBlock>
    <SegId>3</SegId>
    <BlockSegList>
      <string>1</string>
      <string>2</string>
      <string>5</string>
      <string>6</string>
    </BlockSegList>
  </FContractSegBlock>
  <FContractSegBlock>
    <SegId>5</SegId>
    <BlockSegList>
      <string>1</string>
      <string>2</string>
      <string>3</string>
      <string>6</string>
    </BlockSegList>
  </FContractSegBlock>
  <FContractSegBlock>
    <SegId>6</SegId>
    <BlockSegList>
      <string>1</string>
      <string>2</string>
      <string>3</string>
      <string>5</string>
    </BlockSegList>
  </FContractSegBlock>
</ArrayOfFContractSegBlock>