﻿<?xml version="1.0" encoding="utf-8"?>
<ArrayOfFContractWaitPoint xmlns:xsi="http://www.w3.org/2001/XMLSchema-instance" xmlns:xsd="http://www.w3.org/2001/XMLSchema">
  <FContractWaitPoint>
    <Id>A01</Id>
    <TarNum>429</TarNum>
    <IsNeedMigrate>false</IsNeedMigrate>
    <InterfereTar />
    <DevList />
    <MaxParkNum>2</MaxParkNum>
    <Priority>0</Priority>
  </FContractWaitPoint>
  <FContractWaitPoint>
    <Id>A02</Id>
    <TarNum>0</TarNum>
    <IsNeedMigrate>false</IsNeedMigrate>
    <InterfereTar />
    <DevList />
    <MaxParkNum>1</MaxParkNum>
    <Priority>0</Priority>
  </FContractWaitPoint>
</ArrayOfFContractWaitPoint>