﻿<?xml version="1.0" encoding="utf-8"?>
<ArrayOfFContractTraArea xmlns:xsi="http://www.w3.org/2001/XMLSchema-instance" xmlns:xsd="http://www.w3.org/2001/XMLSchema">
  <FContractTraArea>
    <Id>1</Id>
    <LogicId>1</LogicId>
    <ColValue>-8355712</ColValue>
    <TraMode>0</TraMode>
    <MaxNum>1</MaxNum>
    <CtrPointList>
      <Point>
        <X>19232</X>
        <Y>13472</Y>
      </Point>
      <Point>
        <X>21024</X>
        <Y>13888</Y>
      </Point>
      <Point>
        <X>29856</X>
        <Y>14432</Y>
      </Point>
      <Point>
        <X>29312</X>
        <Y>11232</Y>
      </Point>
      <Point>
        <X>23040</X>
        <Y>10784</Y>
      </Point>
      <Point>
        <X>18240</X>
        <Y>11072</Y>
      </Point>
    </CtrPointList>
  </FContractTraArea>
</ArrayOfFContractTraArea>