﻿<?xml version="1.0" encoding="utf-8"?>
<ArrayOfFContractTraAreaRealMemberData xmlns:xsi="http://www.w3.org/2001/XMLSchema-instance" xmlns:xsd="http://www.w3.org/2001/XMLSchema">
  <FContractTraAreaRealMemberData>
    <Id>1</Id>
    <TraMode>0</TraMode>
    <MaxNum>1</MaxNum>
    <SiteList>
      <int>659</int>
      <int>126</int>
      <int>1151</int>
      <int>1152</int>
      <int>1153</int>
      <int>1154</int>
      <int>1155</int>
      <int>1156</int>
    </SiteList>
    <PathList>
      <int>854</int>
      <int>2612</int>
      <int>2614</int>
      <int>2616</int>
      <int>2617</int>
      <int>2618</int>
      <int>2620</int>
      <int>2622</int>
      <int>2641</int>
      <int>2642</int>
      <int>2643</int>
      <int>2644</int>
      <int>2645</int>
      <int>2646</int>
      <int>2647</int>
      <int>2648</int>
      <int>2649</int>
      <int>2650</int>
      <int>2651</int>
      <int>2652</int>
      <int>2653</int>
      <int>2654</int>
      <int>2655</int>
      <int>2672</int>
    </PathList>
  </FContractTraAreaRealMemberData>
</ArrayOfFContractTraAreaRealMemberData>