﻿<?xml version="1.0" encoding="utf-8"?>
<ArrayOfFContractControl xmlns:xsi="http://www.w3.org/2001/XMLSchema-instance" xmlns:xsd="http://www.w3.org/2001/XMLSchema">
  <FContractControl>
    <ID>default</ID>
    <IDescription>default</IDescription>
    <IsAlive>false</IsAlive>
    <IName>采集器</IName>
    <IPropertyList>
      <FContractProperty>
        <ID>001</ID>
        <IName>PLC1</IName>
        <IDescription>default</IDescription>
        <IChannelID>0</IChannelID>
        <REValueList />
        <IRValue>default</IRValue>
        <IsKeyValue>true</IsKeyValue>
        <IEValue>default</IEValue>
        <IUpdateTime>2018-09-28T09:42:46.96+08:00</IUpdateTime>
      </FContractProperty>
      <FContractProperty>
        <ID>002</ID>
        <IName>default</IName>
        <IDescription>default</IDescription>
        <IChannelID>0</IChannelID>
        <REValueList />
        <IRValue>default</IRValue>
        <IsKeyValue>true</IsKeyValue>
        <IEValue>default</IEValue>
        <IUpdateTime>2018-09-28T09:43:02.146+08:00</IUpdateTime>
      </FContractProperty>
    </IPropertyList>
    <IEnabledFlag>true</IEnabledFlag>
    <INavType>NonNavigation</INavType>
    <IProtocol />
  </FContractControl>
  <FContractControl>
    <ID>default</ID>
    <IDescription>科达洁能PLC</IDescription>
    <IsAlive>false</IsAlive>
    <IName>WK_PLC</IName>
    <IPropertyList>
      <FContractProperty>
        <ID>0001</ID>
        <IName>货物状态</IName>
        <IDescription>default</IDescription>
        <IChannelID>1</IChannelID>
        <REValueList />
        <IRValue>default</IRValue>
        <IsKeyValue>true</IsKeyValue>
        <IEValue>default</IEValue>
        <IUpdateTime>2018-10-20T17:15:01.782+08:00</IUpdateTime>
      </FContractProperty>
      <FContractProperty>
        <ID>0002</ID>
        <IName>电机状态</IName>
        <IDescription>default</IDescription>
        <IChannelID>2</IChannelID>
        <REValueList />
        <IRValue>default</IRValue>
        <IsKeyValue>true</IsKeyValue>
        <IEValue>default</IEValue>
        <IUpdateTime>2018-10-20T17:15:42.159+08:00</IUpdateTime>
      </FContractProperty>
      <FContractProperty>
        <ID>0003</ID>
        <IName>故障状态</IName>
        <IDescription>default</IDescription>
        <IChannelID>3</IChannelID>
        <REValueList />
        <IRValue>default</IRValue>
        <IsKeyValue>true</IsKeyValue>
        <IEValue>default</IEValue>
        <IUpdateTime>2018-10-20T17:16:00.005+08:00</IUpdateTime>
      </FContractProperty>
      <FContractProperty>
        <ID>0004</ID>
        <IName>备用信息</IName>
        <IDescription>default</IDescription>
        <IChannelID>4</IChannelID>
        <REValueList />
        <IRValue>default</IRValue>
        <IsKeyValue>true</IsKeyValue>
        <IEValue>default</IEValue>
        <IUpdateTime>2018-10-20T17:16:16.393+08:00</IUpdateTime>
      </FContractProperty>
    </IPropertyList>
    <IEnabledFlag>true</IEnabledFlag>
    <INavType>NonNavigation</INavType>
    <IProtocol />
  </FContractControl>
</ArrayOfFContractControl>